城市,体系/品牌,院区名称,地址,24小时急诊,核心设备/能力,价格参考,备注
北京,新瑞鹏·美联众合,美联众合北京转诊中心（1级中心医院）,北京市朝阳区北苑路168号,是,64排CT、MRI、C形臂、宠物专用ICU、彩超、眼科手术显微镜、关节镜、胃肠镜、腹腔镜；设12个专科,夜间急诊号200元/次；夜诊急诊100元/次；急诊CT 700元；普通初诊挂号10元；体格检查30元；单器官腹部超声195元；公示1370项价格,集团1级中心医院；有全国统一调度热线
北京,新瑞鹏·美联众合,美联众合京西24h动物诊疗中心,北京市石景山区,是,内窥镜、彩色超声、血透仪；2025年通过AAHA认证,院区公示标准化诊疗流程，术后1–3天回访,AAHA认证针对该院区，不针对品牌
北京,新瑞鹏·芭比堂,芭比堂望京动物诊疗中心,北京市朝阳区,24小时应急响应机制,外科骨科、猫科、眼科为特色；独立猫诊区与低应激设施；2025年通过AAHA认证,需电话确认当日急诊排班,猫科急诊优质候选
北京,新瑞鹏·芭比堂,芭比堂玉泉路总院,北京市石景山区玉泉路,以院区公示为准,2025年通过AAHA认证,需电话确认,—
北京,北京新天地国际动物医院（ICVS）,ICVS,北京市,需电话确认,官方定点狂犬免疫单位；中英文服务；疫苗套餐、绝育/洁牙/寄养,幼犬疫苗套餐约900元、幼猫约1050元、成猫年度套餐约900元、成犬约990元（含免疫红本，常为折扣价）,可出具符合检疫要求的免疫证明
成都,瑞派,瑞派咪咻宠物医院·天府总院（重症转诊中心）,成都市双流区怡心街道剑和路一段406号附201-207号（近南湖立交）,是（全年，承诺5分钟响应）,CT、1.5T超导核磁、DR、心超、血液透析机、高压氧舱、内窥镜、ICU吸氧监护舱,需向院区咨询,中国兽医协会五星级宠物医院；四川省宠物医院重症转诊中心；可救护车接诊与全省转诊
成都,瑞派,瑞派咪咻宠物医院·锦江转诊中心,成都市锦江区银木街80、84号一层,是（全年）,重症转诊,需向院区咨询,覆盖城东片区
上海,新瑞鹏·安安宠医,（各中心医院）,需通过官方小程序/官网查询,部分中心医院可提供夜间急诊，需实时确认,安安上海鹏峰等中心医院,需电话确认,上海约16家安安宠医重点分院
杭州,新瑞鹏,美联众合 / 安安宠医,需查询,需逐院确认,—,需电话确认,约19家重点分院（美联众合11家 + 安安宠医8家）
苏州,新瑞鹏·安安宠医,各分院,需查询,需逐院确认,—,需电话确认,约13家重点分院
广州/深圳/佛山,新瑞鹏·安安宠医,各分院,需查询,需逐院确认,—,需电话确认,安安宠医有布局
海口,瑞派,瑞派海口转诊中心,需查询,是,转诊中心,需电话确认,官网公开提供24小时急诊
全国,新瑞鹏集团,全国统一调度热线,—,电话查询全国美联众合、安安宠医等品牌急诊分院,—,—,100+城市、1000+家医院；19城180家重点分院；17家重点中心医院覆盖10城
