项目,参考区间,说明
普通挂号,10–50 元,专家号可达50元；连锁社区医院常10元
夜间/急诊挂号,夜诊 50–100 元；22:00后急诊 100–200 元,北京转诊中心：夜诊100元、夜间急诊号200元
体格检查,30–80 元,北京转诊中心公示30元
血常规,40–200 元,仪器不同差异大
生化（项目数不同）,150–600 元,术前基础生化常见200–400元
犬细小/犬瘟/猫瘟快检,50–100 元/项,试纸板快检
X光（DR）,100–500 元/张（按部位）,骨科常需多体位
腹部B超,195–400 元,心脏彩超通常300–800元
CT,700–2500 元,北京转诊中心急诊CT公示700元
MRI核磁,2000–5000 元,需麻醉，多用于神经科
犬四联/八联疫苗,60–300 元/针,品牌差异大
猫三联疫苗,120–250 元/针,—
狂犬疫苗,50–200 元/针,—
体内驱虫,30–80 元/次（按体重）,拜宠清等
体外驱虫,90–150 元/次（按体重）,大宠爱等滴剂
公猫/公犬绝育,300–1500 元,含麻醉与基础用药，术前检查另算
母猫/母犬绝育,500–2500 元,一线城市明显更高，母犬最贵
洁牙（麻醉）,500–2000 元,含麻醉与术前检查；拔牙另计（2000元/颗量级）
住院,普通 100–300 元/天；ICU/VIP 300–800 元/天,传染病隔离更贵
输液治疗,100–300 元/天,视用药而定
24小时监护,80–150 元/小时,ICU吸氧监护
犬瘟/细小治疗,≥300 元/天 + 住院费,疗程通常5–10天
